requirement_id,stakeholder_group,business_question,required_metric,decision_supported,refresh_cadence,acceptance_test,status
REQ001,Operations leadership,Which devices need action before the morning huddle?,priority_score,prioritize daily exceptions,daily,owner and next action are populated,certified
REQ002,Cash logistics,Which routes have repeat cash variance outside tolerance?,cash_variance,plan cash loads,daily,report definition approved by stakeholder,certified
REQ003,Field service,Which machines are driving downtime and jam repeats?,service_minutes_down,dispatch technicians,daily,report definition approved by stakeholder,certified
REQ004,Merchant support,Which merchant questions need evidence from transaction data?,event_status,resolve support questions,daily,sample reconciles to source extract,certified
REQ005,Finance,Which settlement variance needs review before payout?,settlement_variance,approve monthly payout,weekly,owner and next action are populated,in build
REQ006,Analytics,Which Prep checks block a trusted Tableau refresh?,failed_records,release certified report,daily,report definition approved by stakeholder,certified
REQ007,Executive team,How many scheduled reports shipped on time?,report_sla,monitor reporting reliability,weekly,owner and next action are populated,in build
REQ008,Processing operations,Where are transaction feeds delayed or incomplete?,freshness_status,stabilize extracts,daily,sample reconciles to source extract,certified
REQ009,Route managers,Which routes combine high value and high risk?,route_priority,sequence route work,weekly,daily refresh finishes before 8 AM,certified
